Sequence,Class_1,Probability_1,Class_2,Probability_2,Class_3,Probability_3
MAAAMDVDTPSGTNSGAGKKRFEVKKWNAVALWAWDIVVDNCAICRNHIMDLCIECQANQASATSEECTVAWGVCNHAFHFHCISRWLKTRQVCPLDNREWEFQKYGH,2.3.2.27,100.0,,,,
MEAERGPERRPAERSSPGQTPEEGAQALAEFAALHGPALRASGVPERYWGRLLHKLEHEVFDAGEVFGIMQVEEVEEEEDEAAREVRKQQPNPGNELCYKVIVTRESGLQAAHPNSIFLI,,,,,,
MESGGRPSLCQFILLGTTSVVTAALYSVYRQKARVSQELKGAKKVHLGEDLKSILSEAPGKCVPYAVIEGAVRSVKETLNSQFVENCKGVIQRLTLQEHKMVWNRTTHLWNDCSKIIHQR,,,,,,
MAAAMDVDTPSGTNSGAGKKRFEVKKWNAVALWAWDIVVDNCAICRNHIMDLCIECQANQASATSEECTVAWGVCNHAFHFHCISRWLKTRQVCPLDNREWEFQKYGH,2.3.2.27,100.0,,,,
MEAERGPERRPAERSSPGQTPEEGAQALAEFAALHGPALRASGVPERYWGRLLHKLEHEVFDAGEVFGIMQVEEVEEEEDEAAREVRKQQPNPGNELCYKVIVTRESGLQAAHPNSIFLI,,,,,,
MESGGRPSLCQFILLGTTSVVTAALYSVYRQKARVSQELKGAKKVHLGEDLKSILSEAPGKCVPYAVIEGAVRSVKETLNSQFVENCKGVIQRLTLQEHKMVWNRTTHLWNDCSKIIHQR,,,,,,
MAAAMDVDTPSGTNSGAGKKRFEVKKWNAVALWAWDIVVDNCAICRNHIMDLCIECQANQASATSEECTVAWGVCNHAFHFHCISRWLKTRQVCPLDNREWEFQKYGH,2.3.2.27,100.0,,,,
MAAAMDVDTPSGTNSGAGKKRFEVKKWNAVALWAWDIVVDNCAICRNHIMDLCIECQANQASATSEECTVAWGVCNHAFHFHCISRWLKTRQVCPLDNREWEFQKYGH,2.3.2.27,100.0,,,,
MEAERGPERRPAERSSPGQTPEEGAQALAEFAALHGPALRASGVPERYWGRLLHKLEHEVFDAGEVFGIMQVEEVEEEEDEAAREVRKQQPNPGNELCYKVIVTRESGLQAAHPNSIFLI,,,,,,
MESGGRPSLCQFILLGTTSVVTAALYSVYRQKARVSQELKGAKKVHLGEDLKSILSEAPGKCVPYAVIEGAVRSVKETLNSQFVENCKGVIQRLTLQEHKMVWNRTTHLWNDCSKIIHQR,,,,,,
MAAAMDVDTPSGTNSGAGKKRFEVKKWNAVALWAWDIVVDNCAICRNHIMDLCIECQANQASATSEECTVAWGVCNHAFHFHCISRWLKTRQVCPLDNREWEFQKYGH,2.3.2.27,100.0,,,,
MEAERGPERRPAERSSPGQTPEEGAQALAEFAALHGPALRASGVPERYWGRLLHKLEHEVFDAGEVFGIMQVEEVEEEEDEAAREVRKQQPNPGNELCYKVIVTRESGLQAAHPNSIFLI,,,,,,
MESGGRPSLCQFILLGTTSVVTAALYSVYRQKARVSQELKGAKKVHLGEDLKSILSEAPGKCVPYAVIEGAVRSVKETLNSQFVENCKGVIQRLTLQEHKMVWNRTTHLWNDCSKIIHQR,,,,,,
